citation_key,citation,title
Phillips2017,{Phillips et al. (2017),"H., Van Voorhis, W. C., \& Wells, T. N. C. (2017). Malaria"
WHO2024,{World Health Organization et al. (2024),World malaria report 2024: Addressing inequity in the global malaria response. Geneva: World Health Organization
WHO2023,{World Health Organization et al. (2023),World Malaria Report 2023.Geneva: World Health Organization
White2014,{White et al. (2014),"T., Faiz, M. A., Mokuolu, O. A., \& Dondorp, A. M. (2014). Malaria"
Hemingway2016,{Hemingway et al. (2016),"Bell, D., Djimde, A. A., Ranson, H., \& Bousema, T. (2016). Averting a malaria disaster: Will insecticide resistance derail malaria control?"
Rosenthal2024,{Rosenthal et al. (2024),"Rosenthal, P. J., Asua, V., \& Conrad, M. D. (2024). Emergence, transmission dynamics and mechanisms of artemisinin partial resistance in malaria parasites in Africa"
Kamrujjaman2020a,{Kamrujjaman et al. (2021),"Kamrujjaman, M., Mahmud, M. S., \& Islam, M. S. (2021). Dynamics of a diffusive vaccination model with therapeutic impact and non-linear incidence in epidemiology"
Mahmud2022,{Mahmud et al. (2022),"Islam, M. S., Mohebujjaman, M., \& Molla, M. M. (2022). Vaccine efficacy and SARS-CoV-2 control in California and U.S. during the session 2020-2026: A modeling study"
Kamrujjaman2020b,{Kamrujjaman et al. (2020),"n, M., Jubyrea, J., \& Islam, M. S. (2020). Data analysis and mathematical model: Control measures and prediction to prevent COVID-19 outbreak"
Hassan2021,{Hassan et al. (2021),", M. S., Nipa, K. F., \& Kamrujjaman, M. (2021). Mathematical modeling and COVID-19 forecast in Texas, USA: A prediction model analysis and the probability of disease outbreak"
Saha2023,{Saha et al. (2023),", Ghosh, J. K., Kamrujjaman, M., \& Ghosh, U. (2023). Transmission dynamics of COVID-19 with saturated treatment: A case study of Spain"
Kamrujjaman2021a,{Kamrujjaman et al. (2021),"N., Islam, M. R., Nipa, K. F., \& Bulut, U. (2021). SARS-CoV-2 and Rohingya refugee camp, Bangladesh: Uncertainty and how the government took over the situation"
Khondaker2022,{Khondaker et al. (2022),"ndaker, F., Kamrujjaman, M., \& Islam, M. S. (2022). Optimal control analysis of COVID-19 transmission model with physical distance and treatment"
Kamrujjaman2020c,{Kamrujjaman et al. (2020),"Kamrujjaman, M., Mahmud, M. S., \& Islam, S. (2020). Coronavirus outbreak and the mathematical growth map of COVID-19"
Mohammad2026,{Mohammad et al. (2026),"Mohammad, K. M., Khan, T., \& Kamrujjaman, M. (2026). Stochastic control of influenza spread: A Lévy-driven SDE and branching process approach"
Mohammad2025b,{Mohammad et al. (2025),"Mohammad, K. M., Akhi, A. A., \& Kamrujjaman, M. (2025). Bifurcation analysis of an influenza A (H1N1) model with treatment and vaccination"
Kamrujjaman2025,{Kamrujjaman et al. (2025),"00446-7} {Kamrujjaman, M., \& Mohammad, K. M. (2025). Modeling influenza transmission and control: Epidemic theory insights across Mexico, Italy, and South Africa"
Akhi2025,{Akhi et al. (2025),", Anwar, M. A., Akash, T. M., \& Kamrujjaman, M. (2025). State-by-state influenza outbreaks and oversee: A Markov chain study of California and North Carolina, USA"
Mohammad2024,{Mohammad et al. (2025),"10.012} {Mohammad, K. M., \& Kamrujjaman, M. (2025). Stochastic differential equations to model influenza transmission with continuous and discrete-time Markov chains"
Mohammad2024b,{Mohammad et al. (2024),"ohammad, K. M., Tisha, M. S., \& Kamrujjaman, M. (2024). Wiener and Lévy processes to prevent disease outbreaks: Predictable vs stochastic analysis"
Mayeda2026,{Mayeda et al. (2026),", Lima, S. A., Ullah, A., \& Kamrujjaman, M. (2026). Can dengue be controlled? Assessing vaccination and insecticide strategies with optimal control"
Khondaker2025a,{Khondaker et al. (2025),"87} {Khondaker, F., Kamrujjaman, M., \& Islam, M. S. (2025). Cost-effectiveness of dengue control strategies in Bangladesh: An optimal control and ACER-ICER analysis"
Mobin2024,{Mobin et al. (2024),"mrujjaman, M., Molla, M. M., \& Chen, S. (2024). Analysis of a data driven vector-borne dengue transmission model for a tropical environment in Bangladesh"
Eme2025,{Eme et al. (2025),"amrujjaman, M., Alam, M., \& Ali, M. A. (2025). Vaccination and combined optimal control measures for malaria prevention and spread mitigation"
Akhi2024a,{Akhi et al. (2024),"1} {Akhi, A. A., Mohammad, K. M., \& Kamrujjaman, M. (2024). Seasonal variability and stochastic branching process in malaria outbreak probability"
Akhi2023b,{Akhi et al. (2023),"A. A., Kamrujjaman, M., Nipa, K. F., \& Khan, T. (2023). A continuous-time Markov chain and stochastic differential equations approach for modeling malaria propagation"
Islam2025c,{Islam et al. (2025),"Islam, S., Kamrujjaman, M., \& Islam, M. S. (2025). Edsh effects on RMO: Development of a fuzzy cognitive map for anticipating the risk of malaria outbreak"
prosper2012spatial,{Prosper et al. (2012),"rosper, O., Ruktanonchai, N., \& Martcheva, M. (2012). Assessing the role of spatial heterogeneity and human movement in malaria dynamics and control"
wesolowski2012quantifying,{Wesolowski et al. (2012),"Noor, A. M., Snow, R. W., \& Buckee, C. O. (2012). Quantifying the impact of human mobility on malaria"
Haque2026a,{Haque et al. (2026),"e, Z., Adan, M. M. I. Y., \& Kamrujjaman, M. (2026). Cost-Effectiveness and Optimal Control Strategies for Managing Marburg Virus Infections"
Haque2026b,{Haque et al. (2026),"lfiker, M. S., Khondaker, F., \& Kamrujjaman, M. (2026). Bifurcations and Optimal Control in Nipah Virus Epidemiology"
Haque2024,{Haque et al. (2024),"man, M., Alam, M. S., \& Biswas, M. H. A. (2024). Marburg virus and risk factor among infected population: A modeling study"
Rivu2025a,{Rivu et al. (2026),"Rivu, N. N. K., Kamrujjaman, M., \& Iqbal, A. (2026). HIV/AIDS suppression in North America: Intervention plans and cost-effectiveness of UNAIDS 90-90-90 and 95-95-95 targets"
Rivu2025b,{Rivu et al. (2025),"Rivu, N. N. K., Kamrujjaman, M., \& Ahmed, S. (2025). Comparative analysis of stochastic and predictable models in the HIV epidemic across genders"
Khondaker2025b,{Khondaker et al. (2025),"5-28135-x} {Khondaker, F., \& Kamrujjaman, M. (2025). Stochastic analysis of Mpox epidemiology with vaccination strategies and environmental persistence"
Islam2026a,{Islam et al. (2026),"3} {Islam, S., Islam, M. S., \& Kamrujjaman, M. (2026). Integrating crisp and fuzzy models for diphtheria dynamics"
Akhi2023a,{Akhi et al. (2023),"A. A., Tasnim, F., Akter, S., \& Kamrujjaman, M. (2023). A mathematical model of a diphtheria outbreak in Rohingya settlement in Bangladesh"
Kamrujjaman2023a,{Kamrujjaman et al. (2023),"e-Carlo-sampling-and-computational-analysis.pdf}{Kamrujjaman, M., Akter, S. I., Akhi, A. A., Ahmed, S., \& Mobin, M. A. (2023). Monte Carlo sampling and computational analysis of a three-component tumor radiotherapy mathematical model"
Ira2020,{Ira et al. (2020),"m, M. S., Misra, J. C., \& Kamrujjaman, M. (2020). Mathematical modelling of the dynamics of tumor growth and its optimal control"
Alam2020,{Alam et al. (2020),"am, M. S., Kamrujjaman, M., \& Islam, M. S. (2020). Parameter sensitivity and qualitative analysis of dynamics of ovarian tumor growth model with treatment strategy"
Hossine2019,{Hossine et al. (2019),"Hossine, Z., Megla, A. A., \& Kamrujjaman, M. (2019). A short review and the prediction of tumor growth based on numerical analysis"
Alam2025,{Alam et al. (2025),"Jamila, S., Kamrujjaman, M., \& Tanimoto, J. (2025). Assessing the tradeoff between voluntary and forced interventions to control the emergence of recurring pandemics--An evolutionary game-theoretic modeling"
Kulsum2024,{Kulsum et al. (2024),"364} {Kulsum, U., Alam, M., \& Kamrujjaman, M. (2024). Modeling and investigating the dilemma of early and delayed vaccination driven by the dynamics of imitation and aspiration"
Ullah2024,{Ullah et al. (2024),"ah, M. S., Kamrujjaman, M., \& Kabir, K. M. A. (2024). Understanding the relationship between stay-at-home measures and vaccine shortages: A conventional, heterogeneous, and fractional dynamic approach"
blayneh2010optimal,{Blayneh et al. (2009),"87} {Blayneh, K. W., Cao, Y., \& Kwon, H.-D. (2009). Optimal control of vector-borne diseases: Treatment and prevention"
okosun2013optimal,{Okosun et al. (2013),"2.09.008} {Okosun, K. O., Rachid, O., \& Marcus, N. (2013). Optimal control strategies and cost-effectiveness analysis of a malaria disease transmission model that includes treatment and vaccination with waning immunity"
agusto2009optimal,{Agusto et al. (2012),"B., Marcus, N., \& Okosun, K. O. (2012). Application of optimal control to the epidemiology of malaria"
Mobin2023,{Al Mobin et al. (2023),"pone.0295803} {Al Mobin, M., \& Kamrujjaman, M. (2023). Downscaling epidemiological time series data for improving forecasting accuracy: An algorithmic approach"
champer2026simulation,{Allegretti et al. (2026),"Allegretti, Y. H., Sun, W., \& Champer, J. (2026). A simulation-based deep learning framework for spatially explicit malaria modeling of CRISPR suppression gene drive mosquitoes"
Kamrujjaman2024,{Kamrujjaman et al. (2024),"hman, M. A., Akhi, A. A., Tasnim, F., \& Alam, M. S. (2024). The impact of the COVID-19 pandemic on education in Bangladesh and its mitigation"
Islam2021,{Islam et al. (2021),", M. K., Kabir, K. M. A., \& Kamrujjaman, M. (2021). The perspective of acquired immunity to combat against infectious diseases: An overview"
Hossain2023,{Hossain et al. (2023),"3.31.46} {Hossain, A., \& Kamrujjaman, M. (2023). Mechanisms and Possible Strategies to Fight Against the Antibiotic Resistance"
doolan2009acquired,{Doolan et al. (2009),", D. L., Doba\ {n}o, C., \& Baird, J. K. (2009). Acquired immunity to malaria"
filipe2007determination,{Filipe et al. (2007),"keley, C. J., Sutherland, C. J., \& Ghani, A. C. (2007). Determination of the processes driving the acquisition of immunity to malaria using a mathematical transmission model"
Parham2010,{Parham et al. (2010),"901256} {Parham, P. E., \& Michael, E. (2010). Modeling the effects of weather and climate change on malaria transmission"
Martens1999,{Martens et al. (1999),"re, M. T. J., Bradley, D. J., \& McMichael, A. J. (1999). Climate change and future populations at risk of malaria"
Caminade2014,{Caminade et al. (2014),", Stenlund, H., Martens, P., \& Lloyd, S. J. (2014). Impact of climate change on global malaria distribution"
Mordecai2013,{Mordecai et al. (2013),"S. J., Smith, T. C., \& Lafferty, K. D. (2013). Optimal temperature for malaria transmission is dramatically lower than previously predicted"
smith2007mathematical,{Smith et al. (2006),"i, F., Hutton, G., Utzinger, J., Dietz, K., \& Tanner, M. (2006). Mathematical modeling of the impact of malaria vaccines on the clinical epidemiology and natural history of"
prosper2014optimal,{Prosper et al. (2014),"rosper, O., Ruktanonchai, N., \& Martcheva, M. (2014). Optimal vaccination and bednet maintenance for the control of malaria in a region with naturally acquired immunity"
Ranson2016,{Ranson et al. (2016),"2015.11.010} {Ranson, H., \& Lissenden, N. (2016). Insecticide resistance in African"
Churcher2016,{Churcher et al. (2016),"ffin, J. T., Worrall, E., \& Ranson, H. (2016). The impact of pyrethroid resistance on the efficacy and effectiveness of bednets for malaria control in Africa"
hamenyimana2025modelling,{Hamenyimana et al. (2025),", Ngowo, H. S., Okumu, F. O., \& Selvaraj, P. (2025). Modelling the impact of different intervention packages for malaria control under varying intensities of pyrethroid resistance"
hobbs2026impact,{Hobbs et al. (2026),"bs, N. P., Kim, S., Masserey, T., \& Chitnis, N. (2026). Impact of insecticide resistance evolution on malaria vector control"
Zulfiker2022,{Zulfiker et al. (2022),", Biswas, A. A., Zulfiker, S., \& Uddin, M. S. (2022). Analyzing the public sentiment on COVID-19 vaccination in social media: Bangladesh context"
AABiswas2024,{Biswas et al. (2024),"org/10.1016/j.array.2024.100345} {Biswas, A. A. (2024). A comprehensive review of explainable AI for disease diagnosis"
chitnis2010modeling,{Chitnis et al. (2010),"N., Steketee, R., Schapira, A., \& Smith, T. (2010). Modeling the effects of vector control interventions in reducing malaria transmission, morbidity and mortality"
tebohewungkem2010mathematical,{Teboh-Ewungkem et al. (2010),"ungkem, M. I., Podder, C. N., \& Gumel, A. B. (2010). Mathematical study of the role of gametocytes and an imperfect vaccine on malaria transmission dynamics"
Traore2020,{Traor\'{e} et al. (2020),"Traor\'{e}, B., Koutou, O., \& Sangar\'{e}, B. (2020). A global mathematical model of malaria transmission dynamics with structured mosquito population and temperature variations"
Sorichetta2016,{Sorichetta et al. (2016),"D., Garcia, A. J., Sedda, L., \& Tatem, A. J. (2016). Mapping internal connectivity through human migration in malaria endemic countries"
Marshall2018,{Marshall et al. (2018),"turrock, H. J., Ghani, A. C., \& Ferguson, N. M. (2018). Mathematical models of human mobility of relevance to malaria transmission in Africa"
Reiner2019,{Reiner et al. (2015),"tem, A. J., Cohen, J. M., \& Smith, D. L. (2015). Mapping residual transmission for malaria elimination"
Guerra2006,{Guerra et al. (2006),"5-2} {Guerra, C. A., Snow, R. W., \& Hay, S. I. (2006). Defining the global spatial limits of malaria transmission in 2005"
Dalrymple2015,{Dalrymple et al. (2015),"alrymple, U., Mappin, B., \& Gething, P. W. (2015). Malaria mapping: understanding the global endemicity of"
Stresman2019,{Stresman et al. (2019),"3} {Stresman, G., Bousema, T., \& Cook, J. (2019). Malaria hotspots: Is there epidemiological evidence for fine-scale spatial targeting of interventions?"
Howes2016,{Howes et al. (2016),"kis, R. E., Baird, J. K., \& Hay, S. I. (2016). Global epidemiology of"
Gething2011,{Gething et al. (2011),"ohnston, G. L., Tatem, A. J., \& Hay, S. I. (2011). A new world malaria map:"
Bousema2014,{Bousema et al. (2014),"kell, L., Felger, I., \& Drakeley, C. (2014). Asymptomatic malaria infections: detectability, transmissibility and public health relevance"
Duffey2024,{Duffey et al. (2024),"N., Cockett, M., Fotouhi, N., \& Leroy, D. (2024). Combating antimicrobial resistance in malaria, HIV and tuberculosis"
Nguyen2015,{Nguyen et al. (2015),", Thwaites, G. E., White, N. J., \& Boni, M. F. (2015). Optimum population-level use of artemisinin combination therapies: a modelling study"
Watson2023,{Zupko et al. (2023),"Nguyen, T. D., Ngabonziza, J. C. S., et al. (2023). Modeling policy interventions for slowing the spread of artemisinin-resistant"
White2023,{Nguyen et al. (2023),"J., Dondorp, A. M., Boni, M. F., \& Aguas, R. (2023). Preventing antimalarial drug resistance with triple artemisinin-based combination therapies"
Buckee2025,{Mahmud et al. (2025),"m, M. N., Maude, R. J., Buckee, C. O., \& Chang, H.-H. (2025). Identifying malaria elimination strategies in the presence of human movement in Bangladesh"
deSouza2024,{De Souza et al. (2024),"024-01026-0} {De Souza, W. M., \& Weaver, S. C. (2024). Effects of climate change and human activities on vector-borne diseases"
ross1911,{Ross et al. (1911),"//archive.org/details/b21351508}{Ross, R. (1911). The Prevention of Malaria"
Macdonald1957,{Macdonald et al. (1957),"hive.org/details/in.ernet.dli.2015.549644}{Macdonald, G. (1957). The Epidemiology and Control of Malaria"
firdaus2026strategic,{Firdaus et al. (2026),"d, M. H. A., Idris, Z. M. D., \& Manaf, M. R. A. (2026). Strategic resource allocation for malaria elimination in endemic settings: A systematic review of cost-effectiveness evidence"
bohemia2026cost,{Xie et al. (2026),"ch, R., Maia, M., Chaccour, C., Deng, X., \& Rist, C. (2026). Cost and cost-effectiveness of ivermectin mass drug administration for malaria control in Kwale county, Kenya: A modelling analysis of a cluster-randomised trial"
Prosper2012,{Prosper et al. (2012),"Prosper, O., Ruktanonchai, N., \& Martcheva, M. (2012). Assessing the role of spatial heterogeneity and human movement in malaria dynamics and control"
Wesolowski2012,{Wesolowski et al. (2012),", Noor, A. M., Snow, R. W., \& Buckee, C. O. (2012). Quantifying the impact of human mobility on malaria"
Chitnis2012,{ Chitnis et al. (2012),"1007/s11538-011-9710-0} { Chitnis, N., Hardy, D., \& Smith, T. (2012). A periodically-forced mathematical model for the seasonal dynamics of malaria in mosquitoes"
Hoshen2004,{ M. B. Hoshen et al. (2004),ticle/10.1186/1475-2875-3-32} { M. B. Hoshen and A. P. Morse (2004). A weather-driven model of malaria transmission
sherrard2025heterogeneous,{Sherrard-Smith et al. (2025),", Sanou, A., Okumu, F., Opiyo, M., \& Majambere, S. (2025). Heterogeneous impacts for malaria control from larviciding across villages and considerations for monitoring and evaluation"
mwema2026modelling,{Shirima et al. (2026),"P., Mirau, S., Chaki, P., Chitnis, N., \& Kiware, S. (2026). Modelling the impact of larviciding as a supplementary malaria vector control intervention in rural south-eastern Tanzania: A district-level simulation study"
agusto2025assessing,{Qu et al. (2025),"/j.mbs.2025.109466} {Qu, Z., \& Childs, L. M. (2025). Assessing the impact of the Wolbachia-based control of malaria"
ghosh2025modeling,{Jain et al. (2025),"16/j.nonrwa.2025.104325} {Jain, H., \& Sinha, A. (2025). Modeling the efficacy of Wolbachia in malaria control with limited public health resources"
omondi2025exploring,{Moghaddas et al. (2025),"addas, N. R., Traore, M. M., Müller, G. C., et al. (2025). Exploring the epidemiological impact of attractive targeted sugar bait against malaria in combination with standard malaria control"
malinga2025performance,{Malinga et al. (2025),"L., Le Rutte, E. A., Nekkab, N., \& Penny, M. A. (2025). Performance characteristics and potential public health impact of improved pre-erythrocytic malaria vaccines targeting childhood burden"
penny2015time,{Penny et al. (2015),"nny, M. A., Pemberton-Ross, P., \& Smith, T. A. (2015). The time-course of protection of the RTS,S vaccine against malaria infections and clinical disease"
white2015immunogenicity,{White et al. (2015),"1016/S1473-3099(15)00239-X} {White, M. T., et al. (2015). Immunogenicity of the RTS,S/AS01 malaria vaccine and implications for duration of vaccine efficacy: secondary analysis of data from a phase 3 randomised controlled trial"
haringo2025age,{Haringo et al. (2025),"16/j.crpvbd.2025.100328} {Haringo, A. T., et al. (2025). Age-structured vaccination strategies in mathematical modeling of malaria transmission"
tchoumi2023optimal,{Tchoumi et al. (2023),", Rwezaura, H., Juga, M. L., \& Tchuenche, J. M. (2023). Optimal control of a two-group malaria transmission model with vaccination"
thompson2022seasonal,{Thompson et al. (2022),"han, D., Greenwood, B., Cairns, M., \& Ghani, A. C. (2022). Seasonal use case for the RTS,S/AS01 malaria vaccine: a mathematical modelling study"
mccain2026public,{McCain et al. (2026),"J. D., Okell, L., Winskill, P., \& Ghani, A. C. (2026). Public health impact of catch-up vaccination or additional booster doses with pre-erythrocytic malaria vaccine R21/Matrix-M: a modelling study"
duve2024mathematical,{Duve et al. (2024),"Munyakazi, J., Lühken, R., \& Witbooi, P. (2024). A mathematical model for malaria disease dynamics with vaccination and infected immigrants"
artzyrandrup2015synergistic,{Artzy-Randrup et al. (2015),"zy-Randrup, Y., Dobson, A. P., \& Pascual, M. (2015). Synergistic and antagonistic interactions between bednets and vaccines in the control of malaria"
