Rank,Standardized Term,Frequency,Citation Keys,Supporting Citations
1,Malaria,61,Phillips2017; WHO2024; WHO2023; White2014; Hemingway2016; Rosenthal2024; Eme2025; Akhi2024a; Akhi2023b; Islam2025c; prosper2012spatial; wesolowski2012quantifying; okosun2013optimal; agusto2009optimal; champer2026simulation; doolan2009acquired; filipe2007determination; Parham2010; Martens1999; Caminade2014; Mordecai2013; smith2007mathematical; prosper2014optimal; Churcher2016; hamenyimana2025modelling; hobbs2026impact; chitnis2010modeling; tebohewungkem2010mathematical; Traore2020; Sorichetta2016; Marshall2018; Reiner2019; Guerra2006; Dalrymple2015; Stresman2019; Gething2011; Bousema2014; Duffey2024; Buckee2025; ross1911; Macdonald1957; firdaus2026strategic; bohemia2026cost; Prosper2012; Wesolowski2012; Chitnis2012; Hoshen2004; sherrard2025heterogeneous; mwema2026modelling; agusto2025assessing; ghosh2025modeling; omondi2025exploring; malinga2025performance; penny2015time; white2015immunogenicity; haringo2025age; tchoumi2023optimal; thompson2022seasonal; mccain2026public; duve2024mathematical; artzyrandrup2015synergistic,{Phillips et al. (2017); {World Health Organization et al. (2024); {World Health Organization et al. (2023); {White et al. (2014); {Hemingway et al. (2016); {Rosenthal et al. (2024); {Eme et al. (2025); {Akhi et al. (2024); {Akhi et al. (2023); {Islam et al. (2025); {Prosper et al. (2012); {Wesolowski et al. (2012); {Okosun et al. (2013); {Agusto et al. (2012); {Allegretti et al. (2026); {Doolan et al. (2009); {Filipe et al. (2007); {Parham et al. (2010); {Martens et al. (1999); {Caminade et al. (2014); {Mordecai et al. (2013); {Smith et al. (2006); {Prosper et al. (2014); {Churcher et al. (2016); {Hamenyimana et al. (2025); {Hobbs et al. (2026); {Chitnis et al. (2010); {Teboh-Ewungkem et al. (2010); {Traor\'{e} et al. (2020); {Sorichetta et al. (2016); {Marshall et al. (2018); {Reiner et al. (2015); {Guerra et al. (2006); {Dalrymple et al. (2015); {Stresman et al. (2019); {Gething et al. (2011); {Bousema et al. (2014); {Duffey et al. (2024); {Mahmud et al. (2025); {Ross et al. (1911); {Macdonald et al. (1957); {Firdaus et al. (2026); {Xie et al. (2026); {Prosper et al. (2012); {Wesolowski et al. (2012); { Chitnis et al. (2012); { M. B. Hoshen et al. (2004); {Sherrard-Smith et al. (2025); {Shirima et al. (2026); {Qu et al. (2025); {Jain et al. (2025); {Moghaddas et al. (2025); {Malinga et al. (2025); {Penny et al. (2015); {White et al. (2015); {Haringo et al. (2025); {Tchoumi et al. (2023); {Thompson et al. (2022); {McCain et al. (2026); {Duve et al. (2024); {Artzy-Randrup et al. (2015)
2,Control,32,Hemingway2016; Mahmud2022; Kamrujjaman2020b; Khondaker2022; Mohammad2026; Kamrujjaman2025; Mayeda2026; Khondaker2025a; Eme2025; prosper2012spatial; Haque2026a; Haque2026b; Ira2020; Alam2025; blayneh2010optimal; okosun2013optimal; agusto2009optimal; prosper2014optimal; Churcher2016; hamenyimana2025modelling; hobbs2026impact; chitnis2010modeling; Macdonald1957; bohemia2026cost; Prosper2012; sherrard2025heterogeneous; mwema2026modelling; agusto2025assessing; ghosh2025modeling; omondi2025exploring; tchoumi2023optimal; artzyrandrup2015synergistic,{Hemingway et al. (2016); {Mahmud et al. (2022); {Kamrujjaman et al. (2020); {Khondaker et al. (2022); {Mohammad et al. (2026); {Kamrujjaman et al. (2025); {Mayeda et al. (2026); {Khondaker et al. (2025); {Eme et al. (2025); {Prosper et al. (2012); {Haque et al. (2026); {Haque et al. (2026); {Ira et al. (2020); {Alam et al. (2025); {Blayneh et al. (2009); {Okosun et al. (2013); {Agusto et al. (2012); {Prosper et al. (2014); {Churcher et al. (2016); {Hamenyimana et al. (2025); {Hobbs et al. (2026); {Chitnis et al. (2010); {Macdonald et al. (1957); {Xie et al. (2026); {Prosper et al. (2012); {Sherrard-Smith et al. (2025); {Shirima et al. (2026); {Qu et al. (2025); {Jain et al. (2025); {Moghaddas et al. (2025); {Tchoumi et al. (2023); {Artzy-Randrup et al. (2015)
3,Vaccination,22,Kamrujjaman2020a; Mahmud2022; Mohammad2025b; Mayeda2026; Eme2025; Khondaker2025b; Kulsum2024; Ullah2024; okosun2013optimal; smith2007mathematical; prosper2014optimal; Zulfiker2022; tebohewungkem2010mathematical; malinga2025performance; penny2015time; white2015immunogenicity; haringo2025age; tchoumi2023optimal; thompson2022seasonal; mccain2026public; duve2024mathematical; artzyrandrup2015synergistic,{Kamrujjaman et al. (2021); {Mahmud et al. (2022); {Mohammad et al. (2025); {Mayeda et al. (2026); {Eme et al. (2025); {Khondaker et al. (2025); {Kulsum et al. (2024); {Ullah et al. (2024); {Okosun et al. (2013); {Smith et al. (2006); {Prosper et al. (2014); {Zulfiker et al. (2022); {Teboh-Ewungkem et al. (2010); {Malinga et al. (2025); {Penny et al. (2015); {White et al. (2015); {Haringo et al. (2025); {Tchoumi et al. (2023); {Thompson et al. (2022); {McCain et al. (2026); {Duve et al. (2024); {Artzy-Randrup et al. (2015)
4,Modeling,21,Mahmud2022; Hassan2021; Kamrujjaman2025; Akhi2023b; Haque2024; Ira2020; Alam2025; Kulsum2024; champer2026simulation; Parham2010; smith2007mathematical; hamenyimana2025modelling; chitnis2010modeling; Nguyen2015; Watson2023; bohemia2026cost; mwema2026modelling; ghosh2025modeling; haringo2025age; thompson2022seasonal; mccain2026public,{Mahmud et al. (2022); {Hassan et al. (2021); {Kamrujjaman et al. (2025); {Akhi et al. (2023); {Haque et al. (2024); {Ira et al. (2020); {Alam et al. (2025); {Kulsum et al. (2024); {Allegretti et al. (2026); {Parham et al. (2010); {Smith et al. (2006); {Hamenyimana et al. (2025); {Chitnis et al. (2010); {Nguyen et al. (2015); {Zupko et al. (2023); {Xie et al. (2026); {Shirima et al. (2026); {Jain et al. (2025); {Haringo et al. (2025); {Thompson et al. (2022); {McCain et al. (2026)
5,Transmission,19,Rosenthal2024; Saha2023; Khondaker2022; Kamrujjaman2025; Mohammad2024; Mobin2024; okosun2013optimal; filipe2007determination; Parham2010; Mordecai2013; chitnis2010modeling; tebohewungkem2010mathematical; Traore2020; Marshall2018; Reiner2019; Guerra2006; Hoshen2004; haringo2025age; tchoumi2023optimal,{Rosenthal et al. (2024); {Saha et al. (2023); {Khondaker et al. (2022); {Kamrujjaman et al. (2025); {Mohammad et al. (2025); {Mobin et al. (2024); {Okosun et al. (2013); {Filipe et al. (2007); {Parham et al. (2010); {Mordecai et al. (2013); {Chitnis et al. (2010); {Teboh-Ewungkem et al. (2010); {Traor\'{e} et al. (2020); {Marshall et al. (2018); {Reiner et al. (2015); {Guerra et al. (2006); { M. B. Hoshen et al. (2004); {Haringo et al. (2025); {Tchoumi et al. (2023)
6,Optimal control,11,Khondaker2022; Mayeda2026; Khondaker2025a; Eme2025; Haque2026a; Haque2026b; Ira2020; blayneh2010optimal; okosun2013optimal; agusto2009optimal; tchoumi2023optimal,{Khondaker et al. (2022); {Mayeda et al. (2026); {Khondaker et al. (2025); {Eme et al. (2025); {Haque et al. (2026); {Haque et al. (2026); {Ira et al. (2020); {Blayneh et al. (2009); {Okosun et al. (2013); {Agusto et al. (2012); {Tchoumi et al. (2023)
7,Epidemiology,10,Kamrujjaman2020a; Haque2026b; Khondaker2025b; agusto2009optimal; Mobin2023; smith2007mathematical; Stresman2019; Howes2016; Macdonald1957; omondi2025exploring,{Kamrujjaman et al. (2021); {Haque et al. (2026); {Khondaker et al. (2025); {Agusto et al. (2012); {Al Mobin et al. (2023); {Smith et al. (2006); {Stresman et al. (2019); {Howes et al. (2016); {Macdonald et al. (1957); {Moghaddas et al. (2025)
8,Malaria transmission,10,Parham2010; Mordecai2013; chitnis2010modeling; tebohewungkem2010mathematical; Traore2020; Marshall2018; Guerra2006; Hoshen2004; haringo2025age; tchoumi2023optimal,{Parham et al. (2010); {Mordecai et al. (2013); {Chitnis et al. (2010); {Teboh-Ewungkem et al. (2010); {Traor\'{e} et al. (2020); {Marshall et al. (2018); {Guerra et al. (2006); { M. B. Hoshen et al. (2004); {Haringo et al. (2025); {Tchoumi et al. (2023)
9,Resistance,9,Hemingway2016; Rosenthal2024; Hossain2023; Ranson2016; Churcher2016; hamenyimana2025modelling; hobbs2026impact; Duffey2024; White2023,{Hemingway et al. (2016); {Rosenthal et al. (2024); {Hossain et al. (2023); {Ranson et al. (2016); {Churcher et al. (2016); {Hamenyimana et al. (2025); {Hobbs et al. (2026); {Duffey et al. (2024); {Nguyen et al. (2023)
10,Outbreak,8,Kamrujjaman2020b; Hassan2021; Kamrujjaman2020c; Akhi2025; Mohammad2024b; Akhi2024a; Islam2025c; Akhi2023a,{Kamrujjaman et al. (2020); {Hassan et al. (2021); {Kamrujjaman et al. (2020); {Akhi et al. (2025); {Mohammad et al. (2024); {Akhi et al. (2024); {Islam et al. (2025); {Akhi et al. (2023)
11,Intervention,7,Rivu2025a; Alam2025; hamenyimana2025modelling; chitnis2010modeling; Stresman2019; Watson2023; mwema2026modelling,{Rivu et al. (2026); {Alam et al. (2025); {Hamenyimana et al. (2025); {Chitnis et al. (2010); {Stresman et al. (2019); {Zupko et al. (2023); {Shirima et al. (2026)
12,Stochastic,7,Mohammad2026; Mohammad2024; Mohammad2024b; Akhi2024a; Akhi2023b; Rivu2025b; Khondaker2025b,{Mohammad et al. (2026); {Mohammad et al. (2025); {Mohammad et al. (2024); {Akhi et al. (2024); {Akhi et al. (2023); {Rivu et al. (2025); {Khondaker et al. (2025)
13,Cost-effectiveness,6,Khondaker2025a; Haque2026a; Rivu2025a; okosun2013optimal; firdaus2026strategic; bohemia2026cost,{Khondaker et al. (2025); {Haque et al. (2026); {Rivu et al. (2026); {Okosun et al. (2013); {Firdaus et al. (2026); {Xie et al. (2026)
14,Treatment,6,Saha2023; Khondaker2022; Mohammad2025b; Alam2020; blayneh2010optimal; okosun2013optimal,{Saha et al. (2023); {Khondaker et al. (2022); {Mohammad et al. (2025); {Alam et al. (2020); {Blayneh et al. (2009); {Okosun et al. (2013)
15,Vector,6,Mobin2024; blayneh2010optimal; hobbs2026impact; chitnis2010modeling; deSouza2024; mwema2026modelling,{Mobin et al. (2024); {Blayneh et al. (2009); {Hobbs et al. (2026); {Chitnis et al. (2010); {De Souza et al. (2024); {Shirima et al. (2026)
16,Artemisinin,4,Rosenthal2024; Nguyen2015; Watson2023; White2023,{Rosenthal et al. (2024); {Nguyen et al. (2015); {Zupko et al. (2023); {Nguyen et al. (2023)
17,Efficacy,4,Mahmud2022; Churcher2016; ghosh2025modeling; white2015immunogenicity,{Mahmud et al. (2022); {Churcher et al. (2016); {Jain et al. (2025); {White et al. (2015)
18,Spatial,4,prosper2012spatial; Guerra2006; Stresman2019; Prosper2012,{Prosper et al. (2012); {Guerra et al. (2006); {Stresman et al. (2019); {Prosper et al. (2012)
19,Human movement,3,prosper2012spatial; Buckee2025; Prosper2012,{Prosper et al. (2012); {Mahmud et al. (2025); {Prosper et al. (2012)
20,Infected,2,Haque2024; duve2024mathematical,{Haque et al. (2024); {Duve et al. (2024)
